USE clinic_management_system;

-- Sample Data Inserts

INSERT INTO departments (name, floor, extension, description) VALUES
('Dentistry','Ground Floor','106','Dental care, oral surgery, and hygiene services.'),
('Ophthalmology','First Floor','107','Eye examination, treatment, and vision correction services.'),
('ENT (Ear, Nose & Throat)','First Floor','108','Treatment of ear, nose, and throat conditions.'),
('Dermatology','Second Floor','109','Skin disease diagnosis and treatment.'),
('Radiology','Second Floor','110','Medical imaging services such as X-ray and ultrasound.'),
('Pharmacy','Ground Floor','111','Dispensing of prescribed medicines and drug counseling.'),
('Laboratory Services','Ground Floor','112','Medical testing and diagnostic laboratory services.'),
('Emergency Unit','Ground Floor','113','24/7 emergency care and trauma services.'),
('Cardiology','Second Floor','114','Heart-related diagnosis and treatment.'),
('Neurology','Third Floor','115','Brain, spinal cord, and nervous system disorders.'),
('Orthopedics','Third Floor','116','Bone, joint, and musculoskeletal treatments.'),
('Physiotherapy','Third Floor','117','Rehabilitation and physical therapy services.'),
('Psychiatry','Third Floor','118','Mental health diagnosis and counseling.'),
('Nutrition & Dietetics','First Floor','119','Diet planning and nutritional counseling.'),
('HIV/AIDS Clinic','Second Floor','120','Testing, counseling, and treatment for HIV/AIDS.'),
('Tuberculosis Unit','Second Floor','121','Diagnosis and treatment of TB patients.'),
('Diabetes Clinic','First Floor','122','Management of diabetes and related conditions.'),
('Hypertension Clinic','First Floor','123','Blood pressure monitoring and treatment.'),
('Family Planning Unit','Ground Floor','124','Contraception and reproductive health services.'),
('Immunization Unit','Ground Floor','125','Vaccination services for children and adults.'),
('Maternity Ward','First Floor','126','Pregnancy delivery and postnatal care.'),
('Surgical Ward','Second Floor','127','Recovery and monitoring after surgery.'),
('Medical Records Unit','Ground Floor','128','Storage and management of patient records.'),
('Billing Office','Ground Floor','129','Patient billing, payments, and insurance processing.'),
('Administration','Third Floor','130','Hospital management and administrative operations.');

INSERT INTO doctors (first_name, last_name, department_id, specialization, phone, email, hire_date, license_number, status) VALUES
('Musa','Kamara',1,'Internal Medicine','+232-76-123-456','musa.kamara@clinicsl.org','2018-03-15','SL-DR-1001','Active'),
('Aminata','Sesay',2,'Pediatrics','+232-76-223-456','aminata.sesay@clinicsl.org','2020-06-10','SL-DR-1002','Active'),
('Fatmata','Turay',3,'Obstetrics & Gynecology','+232-76-323-456','fatmata.turay@clinicsl.org','2019-10-02','SL-DR-1003','Active'),
('Alusine','Koroma',4,'General Surgery','+232-76-423-456','alusine.koroma@clinicsl.org','2017-02-20','SL-DR-1004','Active'),
('Isata','Bangura',1,'Family Medicine','+232-76-523-456','isata.bangura@clinicsl.org','2021-12-05','SL-DR-1005','Active'),
('Ibrahim','Sesay',2,'Neonatology','+232-76-623-456','ibrahim.sesay@clinicsl.org','2016-05-22','SL-DR-1006','On Leave'),
('Mariama','Kamara',3,'Reproductive Health','+232-76-723-456','mariama.kamara@clinicsl.org','2018-09-18','SL-DR-1007','Active'),
('Brima','Conteh',4,'ENT Surgery','+232-76-823-456','brima.conteh@clinicsl.org','2015-11-14','SL-DR-1008','Active'),
('Zainab','Sessay',5,'Public Health','+232-76-923-456','zainab.sessay@clinicsl.org','2022-01-09','SL-DR-1009','Active'),
('Mohamed','Bah',1,'Chronic Disease','+232-76-023-456','mohamed.bah@clinicsl.org','2019-04-26','SL-DR-1010','Inactive'),
('Bintu','Kamara',2,'Neonatology','+232-76-023-557','bintu.kamara@clinicsl.org','2014-07-21','SL-DR-1011','Active'),
('Sorie','Fofanah',3,'Midwifery','+232-76-023-558','sorie.fofanah@clinicsl.org','2015-08-12','SL-DR-1012','Active'),
('Bintu','Sesay',1,'Cardiology','+232-76-023-559','bintu.sesay@clinicsl.org','2014-09-03','SL-DR-1013','Active'),
('Aisha','Koroma',4,'Trauma Surgery','+232-76-023-560','aisha.koroma@clinicsl.org','2016-01-18','SL-DR-1014','Active'),
('Ousman','Turay',5,'Community Medicine','+232-76-023-561','ousman.turay@clinicsl.org','2017-05-09','SL-DR-1015','Active'),
('Mariatu','Jalloh',1,'Endocrinology','+232-76-023-562','mariatu.jalloh@clinicsl.org','2013-03-30','SL-DR-1016','Active'),
('Abubakarr','Bangura',2,'Neonatal Care','+232-76-023-563','abubakarr.bangura@clinicsl.org','2018-11-10','SL-DR-1017','Active'),
('Rashida','Kamara',3,'Obstetric Surgery','+232-76-023-564','rashida.kamara@clinicsl.org','2019-02-25','SL-DR-1018','Active'),
('Momodu','Conteh',4,'Plastic Surgery','+232-76-023-565','momodu.conteh@clinicsl.org','2020-04-16','SL-DR-1019','Active'),
('Haja','Mansaray',5,'Health Promotion','+232-76-023-566','haja.mansaray@clinicsl.org','2021-09-30','SL-DR-1020','Active'),
('Alpha','Turay',1,'Pulmonology','+232-76-023-567','alpha.turay@clinicsl.org','2019-12-05','SL-DR-1021','Active'),
('Sierra','Kamara',2,'Pediatric Surgery','+232-76-023-568','sierra.kamara@clinicsl.org','2014-10-20','SL-DR-1022','Active'),
('Abdul','Bah',3,'Reproductive Endocrinology','+232-76-023-569','abdul.bah@clinicsl.org','2015-06-17','SL-DR-1023','Active'),
('Nene','Sankoh',4,'Otolaryngology','+232-76-023-570','nene.sankoh@clinicsl.org','2013-08-22','SL-DR-1024','Active'),
('Kadiatu','Turay',5,'Epidemiology','+232-76-023-571','kadiatu.turay@clinicsl.org','2016-12-06','SL-DR-1025','Active'),
('Mumuni','Kallon',1,'Geriatrics','+232-76-023-572','mumuni.kallon@clinicsl.org','2014-02-14','SL-DR-1026','Active'),
('Aminu','Jalloh',2,'Pediatric Nutrition','+232-76-023-573','aminu.jalloh@clinicsl.org','2017-11-11','SL-DR-1027','Active'),
('Isatu','Turay',3,'Womens Health','+232-76-023-574','isatu.turay@clinicsl.org','2018-08-19','SL-DR-1028','Active'),
('Tahir','Sesay',4,'Vascular Surgery','+232-76-023-575','tahir.sesay@clinicsl.org','2020-01-22','SL-DR-1029','Active'),
('Fatu','Bah',5,'Health Policy','+232-76-023-576','fatu.bah@clinicsl.org','2022-03-28','SL-DR-1030','Active');

INSERT INTO nurses (first_name, last_name, department_id, phone, email, hire_date, license_number, status) VALUES
('Haja','Jalloh',1,'+232-76-130-001','haja.jalloh@clinicsl.org','2019-01-18','SL-NR-2001','Active'),
('Kadiatu','Moijueh',2,'+232-76-130-002','kadiatu.moijueh@clinicsl.org','2020-03-09','SL-NR-2002','Active'),
('Hasatu','Kamara',3,'+232-76-130-003','hasatu.kamara@clinicsl.org','2018-12-12','SL-NR-2003','Active'),
('Mohamed','Conteh',4,'+232-76-130-004','mohamed.conteh@clinicsl.org','2017-10-21','SL-NR-2004','Active'),
('Sitta','Bangura',5,'+232-76-130-005','sitta.bangura@clinicsl.org','2021-08-30','SL-NR-2005','Active'),
('Amara','Tarawalli',1,'+232-76-130-006','amara.tarawalli@clinicsl.org','2022-02-14','SL-NR-2006','Active'),
('Adama','Dumbuya',2,'+232-76-130-007','adama.dumbuya@clinicsl.org','2019-06-17','SL-NR-2007','Inactive'),
('Zakaria','Sesay',3,'+232-76-130-008','zakaria.sesay@clinicsl.org','2020-11-05','SL-NR-2008','Active'),
('Mariatu','Kamara',4,'+232-76-130-009','mariatu.kamara@clinicsl.org','2016-07-26','SL-NR-2009','Active'),
('Ishmael','Kallon',5,'+232-76-130-010','ishmael.kallon@clinicsl.org','2018-05-24','SL-NR-2010','Active'),
('Fatu','Kargbo',1,'+232-76-130-011','fatu.kargbo@clinicsl.org','2014-07-22','SL-NR-2011','Active'),
('Saeeda','Sankoh',2,'+232-76-130-012','saeeda.sankoh@clinicsl.org','2015-09-14','SL-NR-2012','Active'),
('Abdul','Turay',3,'+232-76-130-013','abdul.turay@clinicsl.org','2016-12-03','SL-NR-2013','Active'),
('Isata','Kamara',4,'+232-76-130-014','isata.kamara@clinicsl.org','2017-05-27','SL-NR-2014','Active'),
('Musa','Hassan',5,'+232-76-130-015','musa.hassan@clinicsl.org','2018-08-08','SL-NR-2015','Active'),
('Aminata','Beah',1,'+232-76-130-016','aminata.beah@clinicsl.org','2019-11-12','SL-NR-2016','Active'),
('Ibrahim','Jalloh',2,'+232-76-130-017','ibrahim.jalloh@clinicsl.org','2020-01-06','SL-NR-2017','Active'),
('Hassan','Kamara',3,'+232-76-130-018','hassan.kamara@clinicsl.org','2013-03-13','SL-NR-2018','Active'),
('Rahima','Sesay',4,'+232-76-130-019','rahima.sesay@clinicsl.org','2014-06-29','SL-NR-2019','Active'),
('Kumba','Conteh',5,'+232-76-130-020','kumba.conteh@clinicsl.org','2015-10-01','SL-NR-2020','Active'),
('Zainab','Kargbo',1,'+232-76-130-021','zainab.kargbo@clinicsl.org','2016-02-24','SL-NR-2021','Active'),
('Tamba','Turay',2,'+232-76-130-022','tamba.turay@clinicsl.org','2017-12-18','SL-NR-2022','Active'),
('Aisha','Bah',3,'+232-76-130-023','aisha.bah@clinicsl.org','2018-04-09','SL-NR-2023','Active'),
('Julius','Kallon',4,'+232-76-130-024','julius.kallon@clinicsl.org','2019-07-31','SL-NR-2024','Active'),
('Mariama','Kabba',5,'+232-76-130-025','mariama.kabba@clinicsl.org','2020-10-28','SL-NR-2025','Active'),
('Beta','Turay',1,'+232-76-130-026','beta.turay@clinicsl.org','2013-01-09','SL-NR-2026','Active'),
('Hassan','Bangura',2,'+232-76-130-027','hassan.bangura@clinicsl.org','2014-05-05','SL-NR-2027','Active'),
('Fatmata','Koroma',3,'+232-76-130-028','fatmata.koroma@clinicsl.org','2015-02-15','SL-NR-2028','Active'),
('Amadu','Jumbo',4,'+232-76-130-029','amadu.jumbo@clinicsl.org','2016-09-26','SL-NR-2029','Active'),
('Hadijah','Musa',5,'+232-76-130-030','hadijah.musa@clinicsl.org','2017-11-04','SL-NR-2030','Active');

INSERT INTO patients (first_name, last_name, gender, date_of_birth, phone, email, address, city, region, registered_date, emergency_contact, medical_history, active) VALUES
('Mariatu','Koroma','Female','1984-07-13','+232-76-210-001','mariatu.koroma@patients.sl','34 Lumumba Street','Freetown','Western Area','2025-11-02','Momoh Koroma +232-76-210-902','Hypertension and seasonal asthma','TRUE'),
('Alhaji','Kamara','Male','1972-03-29','+232-76-210-002','alhaji.kamara@patients.sl','2 Wilkinson Road','Makeni','Northern Province','2025-11-05','Aminata Kamara +232-76-210-903','Type 2 diabetes','TRUE'),
('Isatu','Bangura','Female','1990-05-21','+232-76-210-003','isatu.bangura@patients.sl','18 Spur Road','Bo','Southern Province','2025-11-06','Sulayman Bangura +232-76-210-904','Previous malaria episodes','TRUE'),
('Foday','Sesay','Male','1988-12-02','+232-76-210-004','foday.sesay@patients.sl','9 Magazine Road','Kenema','Eastern Province','2025-11-07','Hannah Sesay +232-76-210-905','Allergic to penicillin','TRUE'),
('Aminata','Turay','Female','2001-04-17','+232-76-210-005','aminata.turay@patients.sl','21 Connaught Drive','Freetown','Western Area','2025-11-09','Fatmata Turay +232-76-210-906','No chronic conditions','TRUE'),
('Tamba','Kamara','Male','1955-09-11','+232-76-210-006','tamba.kamara@patients.sl','47 Malamah-Thomas Road','Koidu','Eastern Province','2025-11-10','Aunty Sia +232-76-210-907','High blood pressure','TRUE'),
('Sia','Kallon','Female','1996-01-24','+232-76-210-007','sia.kallon@patients.sl','12 Pademba Road','Freetown','Western Area','2025-11-12','Aunty Hawa +232-76-210-908','Migraine headaches','TRUE'),
('Mohamed','Jalloh','Male','2004-08-05','+232-76-210-008','mohamed.jalloh@patients.sl','5 Hill Station Road','Bo','Southern Province','2025-11-13','Sierra Jalloh +232-76-210-909','Asthma since childhood','TRUE'),
('Hauwa','Sesay','Female','1979-11-30','+232-76-210-009','hauwa.sesay@patients.sl','77 Wilkinson Road','Makeni','Northern Province','2025-11-14','Mustapha Sesay +232-76-210-910','Thyroid disorder','TRUE'),
('Kebbie','Turay','Male','1982-02-18','+232-76-210-010','kebbie.turay@patients.sl','44 Moyiba Road','Freetown','Western Area','2025-11-15','Aminata Turay +232-76-210-911','Peptic ulcer history','TRUE'),
('Fatmata','Jalloh','Female','1993-06-10','+232-76-210-011','fatmata.jalloh@patients.sl','3 Aberdeen Road','Bo','Southern Province','2025-11-16','Sulaiman Jalloh +232-76-210-912','Anemia and lower back pain','TRUE'),
('Ibrahim','Sori','Male','1968-10-25','+232-76-210-012','ibrahim.sori@patients.sl','90 Lumley Road','Freetown','Western Area','2025-11-17','Hauwa Sori +232-76-210-913','Chronic joint pain','TRUE'),
('Aisha','Mansaray','Female','2008-09-15','+232-76-210-013','aisha.mansaray@patients.sl','6 George Street','Koidu','Eastern Province','2025-11-18','Mary Mansaray +232-76-210-914','Healthy child with routine vaccinations','TRUE'),
('Patrick','Beah','Male','1998-12-29','+232-76-210-014','patrick.beah@patients.sl','29 Kingharman Road','Kenema','Eastern Province','2025-11-19','Grace Beah +232-76-210-915','Sports injury history','TRUE'),
('Zainab','Turay','Female','1952-07-08','+232-76-210-015','zainab.turay@patients.sl','18 Wilkinson Road','Makeni','Northern Province','2025-11-20','Salim Turay +232-76-210-916','Hypertension and arthritis','TRUE'),
('Alusine','Kamara','Male','1986-11-03','+232-76-210-016','alusine.kamara@patients.sl','81 Spur Road','Bo','Southern Province','2025-11-21','Fanta Kamara +232-76-210-917','Postoperative care follow-up','TRUE'),
('Hannah','Bangura','Female','2000-03-22','+232-76-210-017','hannah.bangura@patients.sl','14 Kingharman Road','Freetown','Western Area','2025-11-22','Adama Bangura +232-76-210-918','Recurrent urinary tract infections','TRUE'),
('Isaac','Conteh','Male','1976-12-11','+232-76-210-018','isaac.conteh@patients.sl','59 Hill Station Road','Makeni','Northern Province','2025-11-23','Mariam Conteh +232-76-210-919','High cholesterol','TRUE'),
('Rahimah','Jalloh','Female','1994-05-06','+232-76-210-019','rahimah.jalloh@patients.sl','33 Pademba Road','Bo','Southern Province','2025-11-24','Ummi Jalloh +232-76-210-920','Allergic rhinitis','TRUE'),
('Sulaiman','Koroma','Male','2007-04-14','+232-76-210-020','sulaiman.koroma@patients.sl','10 Lumley Road','Freetown','Western Area','2025-11-25','Fatmata Koroma +232-76-210-921','Routine pediatric care','TRUE'),
('Amie','McCarthy','Female','1981-08-27','+232-76-210-021','amie.mccarthy@patients.sl','27 Cork Street','Koidu','Eastern Province','2025-11-26','Bintu McCarthy +232-76-210-922','Asthma and allergies','TRUE'),
('Kamara','Dumbuya','Male','1995-01-09','+232-76-210-022','kamara.dumbuya@patients.sl','70 New England Road','Kenema','Eastern Province','2025-11-27','Zainab Dumbuya +232-76-210-923','Skin rash and eczema','TRUE'),
('Lamin','Bah','Male','1965-02-28','+232-76-210-023','lamin.bah@patients.sl','5 Chinatown Road','Freetown','Western Area','2025-11-28','Aisha Bah +232-76-210-924','Diabetes and foot care','TRUE'),
('Harruna','Jalloh','Female','1989-04-02','+232-76-210-024','harruna.jalloh@patients.sl','15 Moyiba Road','Bo','Southern Province','2025-11-29','Mohamed Jalloh +232-76-210-925','Pregnancy check-up','TRUE'),
('Sistah','Turay','Female','2003-01-08','+232-76-210-025','sistah.turay@patients.sl','62 Wilkinson Road','Makeni','Northern Province','2025-11-30','Auntie Mariama +232-76-210-926','Mild anemia','TRUE'),
('Brima','Koroma','Male','1974-10-16','+232-76-210-026','brima.koroma@patients.sl','41 Kingharman Road','Koidu','Eastern Province','2025-12-01','Aisha Koroma +232-76-210-927','Post-trauma follow-up','TRUE'),
('Zainab','Sankoh','Female','1991-09-12','+232-76-210-027','zainab.sankoh@patients.sl','8 Lumumba Street','Freetown','Western Area','2025-12-02','Musa Sankoh +232-76-210-928','Bronchitis and cough','TRUE'),
('Brima','Kamara','Male','1987-06-18','+232-76-210-028','brima.kamara@patients.sl','38 Spur Road','Bo','Southern Province','2025-12-03','Hauwa Kamara +232-76-210-929','Fracture recovery','TRUE'),
('Aminata','Musa','Female','2006-02-20','+232-76-210-029','aminata.musa@patients.sl','19 Hill Station Road','Makeni','Northern Province','2025-12-04','Selina Musa +232-76-210-930','Routine adolescent care','TRUE'),
('Kadiatu','Jammeh','Female','1985-05-01','+232-76-210-030','kadiatu.jammeh@patients.sl','26 Connaught Drive','Kenema','Eastern Province','2025-12-05','Sulaiman Jammeh +232-76-210-931','Migraine and hypertension','TRUE');

INSERT INTO medicines (name, generic_name, dosage, form, price, stock, supplier, expiry_date) VALUES
('Paracetamol','Acetaminophen','500mg','Tablet',12.50,150,'Sierra Pharma','2027-05-01'),
('Ibuprofen','Ibuprofen','200mg','Tablet',15.00,120,'Freetown Distributors','2026-12-01'),
('Amoxicillin','Amoxicillin','500mg','Capsule',28.00,90,'West Africa Pharma','2027-02-15'),
('Ciprofloxacin','Ciprofloxacin','250mg','Tablet',35.00,80,'Sierra Pharma','2026-11-30'),
('Metronidazole','Metronidazole','400mg','Tablet',22.50,110,'Kenema Medical Supply','2026-10-10'),
('Cetirizine','Cetirizine','10mg','Tablet',18.00,140,'HealthFirst Limited','2027-06-22'),
('Azithromycin','Azithromycin','250mg','Tablet',45.00,75,'Bo Pharma Distributors','2026-09-12'),
('Doxycycline','Doxycycline','100mg','Capsule',25.50,95,'Western Health Supply','2027-03-18'),
('Omeprazole','Omeprazole','20mg','Capsule',27.00,100,'Freetown Distributors','2027-01-25'),
('Salbutamol','Salbutamol','100mcg','Inhaler',100.00,50,'RespiraHealth','2026-08-30'),
('Gliclazide','Gliclazide','80mg','Tablet',40.00,65,'Sierra Pharma','2027-04-20'),
('Insulin','Insulin Glargine','10ml','Injection',450.00,40,'Trusted Pharma','2026-11-05'),
('Enalapril','Enalapril','5mg','Tablet',32.00,80,'Community Pharmacy','2026-12-22'),
('Atenolol','Atenolol','50mg','Tablet',29.00,70,'HealthFirst Limited','2027-03-02'),
('Furosemide','Furosemide','40mg','Tablet',26.50,75,'Sierra Pharma','2026-11-11'),
('Simvastatin','Simvastatin','20mg','Tablet',33.00,85,'Bo Pharma Distributors','2027-05-25'),
('Atorvastatin','Atorvastatin','10mg','Tablet',36.50,90,'Freetown Distributors','2027-02-28'),
('Fluconazole','Fluconazole','150mg','Tablet',42.00,60,'Western Health Supply','2026-12-16'),
('Lisinopril','Lisinopril','10mg','Tablet',31.00,70,'Community Pharmacy','2027-06-05'),
('Prednisone','Prednisone','5mg','Tablet',24.50,100,'Sierra Pharma','2026-11-28'),
('Hydrocortisone','Hydrocortisone','20mg','Tablet',23.00,80,'HealthFirst Limited','2027-07-01'),
('Multivitamin','Multivitamin','One daily','Tablet',20.00,200,'Sierra Pharma','2028-01-01'),
('Ranitidine','Ranitidine','150mg','Tablet',19.50,110,'Freetown Distributors','2026-10-26'),
('Calcium','Calcium Carbonate','500mg','Tablet',18.75,130,'Bo Pharma Distributors','2027-09-10'),
('Ferrous Sulfate','Ferrous Sulfate','200mg','Tablet',16.00,140,'Western Health Supply','2027-08-14'),
('Artemether','Artemether','20mg','Tablet',28.00,95,'Community Pharmacy','2026-12-01'),
('Lumefantrine','Lumefantrine','120mg','Tablet',50.00,85,'Trusted Pharma','2026-11-20'),
('Albendazole','Albendazole','400mg','Tablet',14.00,170,'Sierra Pharma','2027-10-15'),
('Mebendazole','Mebendazole','100mg','Tablet',12.00,160,'HealthFirst Limited','2027-11-05'),
('Vitamin C','Ascorbic Acid','500mg','Tablet',10.00,210,'Bo Pharma Distributors','2027-12-12');

INSERT INTO appointments (patient_id, doctor_id, appointment_date, reason, status, notes) VALUES
(1,1,'2026-06-18 09:00:00','Routine hypertension review','Scheduled','Blood pressure check and medication review.'),
(2,5,'2026-06-18 10:00:00','Diabetes follow-up','Completed','Discussed diet and adjusted medication.'),
(3,2,'2026-06-17 13:30:00','Child cough and fever','Completed','Prescribed antibiotic and follow-up in two days.'),
(4,4,'2026-06-16 11:00:00','Abdominal pain assessment','Completed','Ultrasound scheduled for next week.'),
(5,3,'2026-06-15 14:30:00','Antenatal check-up','Completed','All vital signs stable.'),
(6,1,'2026-06-14 09:30:00','Hypertension check','Completed','Advised lifestyle modifications.'),
(7,2,'2026-06-14 15:00:00','Migraine evaluation','Completed','Prescribed analgesic and rest.'),
(8,1,'2026-06-13 08:45:00','Asthma refill','Completed','Inhaler dosage reviewed.'),
(9,3,'2026-06-12 10:15:00','Thyroid medication review','Completed','Adjusted dose after lab results.'),
(10,4,'2026-06-11 16:00:00','Ulcer symptoms','Completed','Added PPI therapy and diet advice.'),
(11,5,'2026-06-10 09:45:00','Anemia evaluation','Completed','Iron supplements prescribed.'),
(12,4,'2026-06-09 11:30:00','Joint pain','Completed','Recommended physiotherapy referral.'),
(13,2,'2026-06-08 13:00:00','Vaccination appointment','Completed','Administered routine immunizations.'),
(14,5,'2026-06-08 15:30:00','Sports injury','Completed','X-ray ordered and compression advised.'),
(15,1,'2026-06-07 10:30:00','Hypertension and arthritis','Completed','Prescribed combination therapy.'),
(16,4,'2026-06-06 09:00:00','Surgical wound review','Completed','Healing well after operation.'),
(17,3,'2026-06-05 14:00:00','UTI symptoms','Completed','Antibiotic therapy issued.'),
(18,5,'2026-06-04 12:30:00','High cholesterol review','Completed','Dietary changes and statin refill.'),
(19,2,'2026-06-03 09:15:00','Allergy treatment','Completed','Prescribed antihistamine.'),
(20,1,'2026-06-02 11:45:00','Routine pediatric check-up','Completed','Child growth chart reviewed.'),
(21,3,'2026-05-31 14:15:00','Asthma follow-up','Completed','Reviewed inhaler technique.'),
(22,4,'2026-05-30 10:00:00','Skin rash review','Completed','Cream prescribed for eczema.'),
(23,5,'2026-05-29 16:30:00','Foot care for diabetes','Completed','Foot exam performed.'),
(24,2,'2026-05-28 08:30:00','Prenatal visit','Completed','Fetal heartbeat recorded.'),
(25,1,'2026-05-27 13:30:00','Kidney pain assessment','Completed','Lab samples ordered.'),
(26,4,'2026-05-26 10:20:00','Respiratory infection','Completed','Oral antibiotic prescribed.'),
(27,5,'2026-05-25 15:10:00','Mild chest pain','Completed','Next review in one week.'),
(28,2,'2026-05-24 09:55:00','Fracture follow-up','Completed','Cast removal scheduled.'),
(29,3,'2026-05-23 11:40:00','Adolescent health screening','Completed','Counseling provided.'),
(30,1,'2026-05-22 14:50:00','Headache and dizziness','Completed','Neurological exam was normal.');

INSERT INTO medical_records (patient_id, doctor_id, record_date, diagnosis, treatment, notes) VALUES
(1,1,'2026-06-18','Hypertension','Continued antihypertensive therapy and monitored blood pressure.','Patient advised to reduce salt intake.'),
(2,5,'2026-06-18','Type 2 Diabetes','Maintained metformin and arranged diet counseling.','Foot exam normal.'),
(3,2,'2026-06-17','Upper respiratory infection','Prescribed amoxicillin and supportive hydration.','Return if fever persists.'),
(4,4,'2026-06-16','Abdominal discomfort','Performed abdominal exam; ordered ultrasound.','Dietary advice for gastritis.'),
(5,3,'2026-06-15','Routine antenatal care','Documented normal fetal development.','Patient educated on pregnancy nutrition.'),
(6,1,'2026-06-14','Hypertension control','Maintained current medication with slight dose increase.','Follow up in one month.'),
(7,2,'2026-06-14','Migraine','Initiated analgesic therapy.','Noted triggers: bright light and stress.'),
(8,1,'2026-06-13','Asthma','Prescribed salbutamol inhaler and inhalation training.','No acute distress noted.'),
(9,3,'2026-06-12','Thyroid disorder','Adjusted levothyroxine dose.','Follow-up with lab tests.'),
(10,4,'2026-06-11','Peptic ulcer','Started omeprazole course and dietary changes.','Advised avoid spicy foods.'),
(11,5,'2026-06-10','Iron deficiency anemia','Started iron supplements and dietary iron.','Encouraged vitamin C intake for absorption.'),
(12,4,'2026-06-09','Chronic joint pain','Recommended analgesics and physiotherapy.','Patient uses a cane for mobility.'),
(13,2,'2026-06-08','Vaccination update','Administered vaccines per immunization schedule.','Next check-up in one month.'),
(14,5,'2026-06-08','Sprained ankle','Managed with rest, ice, compression, elevation.','Placed ankle support bandage.'),
(15,1,'2026-06-07','Hypertension and arthritis','Prescribed combination medication.','Monitored liver function labs.'),
(16,4,'2026-06-06','Postoperative review','Wound healing progressing.','No signs of infection.'),
(17,3,'2026-06-05','Urinary tract infection','Prescribed ciprofloxacin.','Instructed fluid intake increase.'),
(18,5,'2026-06-04','High cholesterol','Continued statin therapy and diet plan.','Advised reduce saturated fat.'),
(19,2,'2026-06-03','Allergic rhinitis','Started cetirizine and nasal spray.','Symptoms controlled.'),
(20,1,'2026-06-02','Child wellness exam','Growth and immunization up-to-date.','Educated caregiver on hygiene.'),
(21,3,'2026-05-31','Asthma maintenance','Reinforced inhaler use technique.','No exercise intolerance observed.'),
(22,4,'2026-05-30','Eczema','Prescribed topical hydrocortisone.','Advised avoid irritants.'),
(23,5,'2026-05-29','Diabetic foot screening','No ulcers but advised daily foot care.','Provided foot care guidance.'),
(24,2,'2026-05-28','Antenatal evaluation','Normal blood pressure and fetal heartbeat.','Scheduled next prenatal visit.'),
(25,1,'2026-05-27','Kidney discomfort','Ordered kidney function tests.','Advised avoid NSAIDs.'),
(26,4,'2026-05-26','Acute bronchitis','Prescribed antibiotic and cough syrup.','Explained rest and hydration.'),
(27,5,'2026-05-25','Mild chest pain','Performed ECG; results normal.','Reassurance and follow-up.'),
(28,2,'2026-05-24','Fracture follow-up','Reviewed X-ray and scheduled cast removal.','No complications detected.'),
(29,3,'2026-05-23','Adolescent health screening','Provided counseling on nutrition and hygiene.','Vaccination status confirmed.'),
(30,1,'2026-05-22','Headache evaluation','Conducted neurological exam; no red flags.','Recommended hydration and rest.');

INSERT INTO prescriptions (medical_record_id, medicine_id, patient_id, doctor_id, dosage, frequency, duration, notes) VALUES
(1,11,1,1,'80mg','Once daily','30 days','Monitor blood pressure weekly.'),
(2,12,2,5,'10 units','Once daily','30 days','Check glucose before injection.'),
(3,3,3,2,'500mg','Three times daily','5 days','Take after meals.'),
(4,8,4,4,'100mg','Twice daily','7 days','Complete full course.'),
(5,23,5,3,'One daily','Once daily','30 days','Take with food.'),
(6,11,6,1,'80mg','Once daily','30 days','Monitor side effects.'),
(7,1,7,2,'500mg','Every 6 hours','5 days','Use if headache returns.'),
(8,10,8,1,'2 puffs','As needed','14 days','Use during wheezing episodes.'),
(9,14,9,3,'50mg','Once daily','30 days','Review thyroid labs.'),
(10,9,10,4,'20mg','Once daily','14 days','Take before breakfast.'),
(11,22,11,5,'5mg','Once daily','30 days','Continue until follow-up.'),
(12,15,12,4,'40mg','Once daily','14 days','Monitor urine output.'),
(13,26,13,2,'One tablet','Single dose','1 day','Follow immunization protocol.'),
(14,1,14,5,'500mg','Three times daily','5 days','Rest and elevate ankle.'),
(15,13,15,1,'5mg','Once daily','30 days','Continue regular review.'),
(16,1,16,4,'500mg','Three times daily','7 days','Keep wound clean.'),
(17,4,17,3,'250mg','Twice daily','5 days','Drink plenty of water.'),
(18,16,18,5,'20mg','Once daily','30 days','Follow low cholesterol diet.'),
(19,6,19,2,'10mg','Once daily','14 days','Avoid known allergens.'),
(20,23,20,1,'One daily','Once daily','30 days','Healthy child vitamins.'),
(21,10,21,3,'2 puffs','As needed','14 days','Review inhaler use.'),
(22,21,22,4,'10mg','Twice daily','10 days','Apply sparingly to rash.'),
(23,24,23,5,'One daily','Once daily','30 days','Foot care supplement.'),
(24,3,24,2,'500mg','Three times daily','5 days','Complete entire course.'),
(25,9,25,1,'20mg','Once daily','14 days','Avoid spicy foods.'),
(26,4,26,4,'250mg','Twice daily','7 days','Stay hydrated.'),
(27,6,27,5,'10mg','Once daily','14 days','Report any side effects.'),
(28,1,28,2,'500mg','Three times daily','5 days','Follow fracture care.'),
(29,23,29,3,'One daily','Once daily','30 days','Counsel on diet and exercise.'),
(30,1,30,1,'500mg','Three times daily','5 days','Maintain hydration.');

INSERT INTO billing (patient_id, billing_date, amount, status, description, due_date) VALUES
(1,'2026-06-18',120000.00,'Paid','Consultation, blood pressure check, lab tests.','2026-07-18'),
(2,'2026-06-18',160000.00,'Paid','Diabetes follow-up consultation and consultation fee.','2026-07-18'),
(3,'2026-06-17',85000.00,'Paid','Pediatric consultation and medication.','2026-07-17'),
(4,'2026-06-16',140000.00,'Partial','Abdominal assessment and ultrasound booking.','2026-07-16'),
(5,'2026-06-15',95000.00,'Paid','Antenatal check-up and routine tests.','2026-07-15'),
(6,'2026-06-14',110000.00,'Paid','Hypertension consultation and medication refill.','2026-07-14'),
(7,'2026-06-14',78000.00,'Paid','Migraine consultation and analgesics.','2026-07-14'),
(8,'2026-06-13',90000.00,'Paid','Asthma refill consultation and inhaler review.','2026-07-13'),
(9,'2026-06-12',83000.00,'Paid','Thyroid medication review and lab tests.','2026-07-12'),
(10,'2026-06-11',105000.00,'Paid','Ulcer review and medication.','2026-07-11'),
(11,'2026-06-10',70000.00,'Paid','Anemia evaluation and supplements.','2026-07-10'),
(12,'2026-06-09',125000.00,'Paid','Chronic joint pain consultation.','2026-07-09'),
(13,'2026-06-08',55000.00,'Paid','Child vaccination visit.','2026-07-08'),
(14,'2026-06-08',78000.00,'Paid','Sports injury evaluation.','2026-07-08'),
(15,'2026-06-07',132000.00,'Paid','Hypertension and arthritis consultation.','2026-07-07'),
(16,'2026-06-06',98000.00,'Paid','Postoperative wound review.','2026-07-06'),
(17,'2026-06-05',76000.00,'Paid','UTI consultation and medicine.','2026-07-05'),
(18,'2026-06-04',88000.00,'Paid','Cholesterol review and counseling.','2026-07-04'),
(19,'2026-06-03',65000.00,'Paid','Allergy treatment and prescription.','2026-07-03'),
(20,'2026-06-02',60000.00,'Paid','Child check-up and counseling.','2026-07-02'),
(21,'2026-05-31',90000.00,'Paid','Asthma follow-up consultation.','2026-06-30'),
(22,'2026-05-30',52000.00,'Paid','Eczema treatment and cream.','2026-06-30'),
(23,'2026-05-29',72000.00,'Partial','Diabetic foot screening appointment.','2026-06-29'),
(24,'2026-05-28',70000.00,'Paid','Prenatal evaluation visit.','2026-06-28'),
(25,'2026-05-27',83000.00,'Paid','Kidney pain consultation.','2026-06-27'),
(26,'2026-05-26',56000.00,'Paid','Respiratory infection consultation.','2026-06-26'),
(27,'2026-05-25',48000.00,'Paid','Chest pain evaluation.','2026-06-25'),
(28,'2026-05-24',89000.00,'Paid','Fracture follow-up appointment.','2026-06-24'),
(29,'2026-05-23',65000.00,'Paid','Adolescent health screening.','2026-06-23'),
(30,'2026-05-22',54000.00,'Paid','Headache evaluation consultation.','2026-06-22');

INSERT INTO payments (bill_id, payment_date, amount, method, reference, received_by) VALUES
(1,'2026-06-18',120000.00,'Cash','CASH-20260618-001','Haja Jalloh'),
(2,'2026-06-18',160000.00,'Card','CARD-20260618-002','Haja Jalloh'),
(3,'2026-06-17',85000.00,'Cash','CASH-20260617-003','Kadiatu Moijueh'),
(4,'2026-06-16',70000.00,'Mobile Money','MM-20260616-004','Hasatu Kamara'),
(5,'2026-06-15',95000.00,'Cash','CASH-20260615-005','Mohamed Conteh'),
(6,'2026-06-14',110000.00,'Card','CARD-20260614-006','Sitta Bangura'),
(7,'2026-06-14',78000.00,'Cash','CASH-20260614-007','Amara Tarawalli'),
(8,'2026-06-13',90000.00,'Mobile Money','MM-20260613-008','Adama Dumbuya'),
(9,'2026-06-12',83000.00,'Card','CARD-20260612-009','Kadiatu Moijueh'),
(10,'2026-06-11',105000.00,'Card','CARD-20260611-010','Zakaria Sesay'),
(11,'2026-06-10',70000.00,'Cash','CASH-20260610-011','Mariatu Kamara'),
(12,'2026-06-09',125000.00,'Mobile Money','MM-20260609-012','Ishmael Kallon'),
(13,'2026-06-08',55000.00,'Cash','CASH-20260608-013','Haja Jalloh'),
(14,'2026-06-08',78000.00,'Card','CARD-20260608-014','Kadiatu Moijueh'),
(15,'2026-06-07',132000.00,'Cash','CASH-20260607-015','Hasatu Kamara'),
(16,'2026-06-06',98000.00,'Mobile Money','MM-20260606-016','Mohamed Conteh'),
(17,'2026-06-05',76000.00,'Cash','CASH-20260605-017','Sitta Bangura'),
(18,'2026-06-04',88000.00,'Card','CARD-20260604-018','Amara Tarawalli'),
(19,'2026-06-03',65000.00,'Mobile Money','MM-20260603-019','Adama Dumbuya'),
(20,'2026-06-02',60000.00,'Cash','CASH-20260602-020','Zakaria Sesay'),
(21,'2026-05-31',90000.00,'Card','CARD-20260531-021','Mariatu Kamara'),
(22,'2026-05-30',52000.00,'Cash','CASH-20260530-022','Ishmael Kallon'),
(23,'2026-05-29',36000.00,'Mobile Money','MM-20260529-023','Hasatu Kamara'),
(24,'2026-05-28',70000.00,'Card','CARD-20260528-024','Haja Jalloh'),
(25,'2026-05-27',83000.00,'Mobile Money','MM-20260527-025','Kadiatu Moijueh'),
(26,'2026-05-26',56000.00,'Cash','CASH-20260526-026','Hasatu Kamara'),
(27,'2026-05-25',48000.00,'Card','CARD-20260525-027','Mohamed Conteh'),
(28,'2026-05-24',89000.00,'Cash','CASH-20260524-028','Sitta Bangura'),
(29,'2026-05-23',65000.00,'Mobile Money','MM-20260523-029','Amara Tarawalli'),
(30,'2026-05-22',54000.00,'Cash','CASH-20260522-030','Adama Dumbuya');
